label_index,dataset,label,response
0,skin,necrosis,"{'id': 'chatcmpl-9DtqRF9LGaLOWFJSRYsPciyCeq91P', 'object': 'chat.completion', 'created': 1713099959, 'model': 'gpt-4-0613', 'choices': [{'index': 0, 'message': {'role': 'assistant', 'content': '""This histopathological image showcases the microscopic view of tissue undergoing necrosis, revealing damaged and dead cells, loss of tissue architecture, and inflammatory response caused by disease or injury.""\n'}, 'logprobs': None, 'finish_reason': 'stop'}, {'index': 1, 'message': {'role': 'assistant', 'content': '""This histopathological image reveals necrosis, characterized by the irregular, amorphous cell remnants and damaged tissues, signifying cell death and injury often seen in severe pathological conditions.""'}, 'logprobs': None, 'finish_reason': 'stop'}, {'index': 2, 'message': {'role': 'assistant', 'content': '""This histopathological image displays necrosis, characterized by the breakdown and death of cells, often caused by injury, disease, or a lack of oxygen.""'}, 'logprobs': None, 'finish_reason': 'stop'}], 'usage': {'prompt_tokens': 37, 'completion_tokens': 102, 'total_tokens': 139}, 'system_fingerprint': None}"
1,skin,skeletal muscle,"{'id': 'chatcmpl-9DtqT3U1Ouy60Fh8ReINdz5NLrteR', 'object': 'chat.completion', 'created': 1713099961, 'model': 'gpt-4-0613', 'choices': [{'index': 0, 'message': {'role': 'assistant', 'content': '""This histopathological image precisely illustrates the cross-sectional view of skeletal muscle tissue, highlighting features such as the densely packed myofibrils, multi-nucleated muscle cells, and surrounding connective tissue.""'}, 'logprobs': None, 'finish_reason': 'stop'}, {'index': 1, 'message': {'role': 'assistant', 'content': '""This histopathological image provides a detailed view of skeletal muscle tissue, highlighting its unique striated structure and demonstrating its cellular organization and potential pathological alterations.""'}, 'logprobs': None, 'finish_reason': 'stop'}, {'index': 2, 'message': {'role': 'assistant', 'content': '""This histopathological image vividly illustrates the intricate structure of skeletal muscle tissue, highlighting the tightly bundled muscle fibers with their characteristic striations and surrounding connective tissue.""'}, 'logprobs': None, 'finish_reason': 'stop'}], 'usage': {'prompt_tokens': 37, 'completion_tokens': 104, 'total_tokens': 141}, 'system_fingerprint': None}"
2,skin,eccrine sweat glands,"{'id': 'chatcmpl-9DtqVU9rnopl4bLjr05Buize8TOF1', 'object': 'chat.completion', 'created': 1713099963, 'model': 'gpt-4-0613', 'choices': [{'index': 0, 'message': {'role': 'assistant', 'content': '""This detailed histopathological image provides an intricate visual study of the structure and abnormalities in eccrine sweat glands, crucial for understanding human thermoregulation and skin conditions.""'}, 'logprobs': None, 'finish_reason': 'stop'}, {'index': 1, 'message': {'role': 'assistant', 'content': '""This histopathological image vividly illustrates the intricate structure and variations of eccrine sweat glands, highlighting their layered cellular architecture which plays a crucial role in the production and excretion of sweat.""'}, 'logprobs': None, 'finish_reason': 'stop'}, {'index': 2, 'message': {'role': 'assistant', 'content': '""This histopathological image vividly illustrates the intricate structure of eccrine sweat glands, highlighting their crucial role in skin physiology and thermoregulation of the human body.""'}, 'logprobs': None, 'finish_reason': 'stop'}], 'usage': {'prompt_tokens': 39, 'completion_tokens': 106, 'total_tokens': 145}, 'system_fingerprint': None}"
3,skin,vessels,"{'id': 'chatcmpl-9DtqXNprkauNORJQZ1dMHBrx8RPOs', 'object': 'chat.completion', 'created': 1713099965, 'model': 'gpt-4-0613', 'choices': [{'index': 0, 'message': {'role': 'assistant', 'content': '""This histopathological image depicts the intricate network of vessels, highlighting key features like endothelial lining, luminal diameter and vessel wall thickness, contributing significantly to our understanding of vascular health and disease.""'}, 'logprobs': None, 'finish_reason': 'stop'}, {'index': 1, 'message': {'role': 'assistant', 'content': '""This histopathological image clearly depicts the intricate structure of vascular tissues, illustrating various characteristics such as vessel size, wall thickness, and the presence of any pathological alterations.""'}, 'logprobs': None, 'finish_reason': 'stop'}, {'index': 2, 'message': {'role': 'assistant', 'content': '""This histopathological image vividly illustrates the intricate network of vessels, indicating the various stages of tissue morphology under microscopic examination.""'}, 'logprobs': None, 'finish_reason': 'stop'}], 'usage': {'prompt_tokens': 36, 'completion_tokens': 97, 'total_tokens': 133}, 'system_fingerprint': None}"
4,skin,elastosis,"{'id': 'chatcmpl-9DtqZdUJfkQuqhgza6oZKelzxVP92', 'object': 'chat.completion', 'created': 1713099967, 'model': 'gpt-4-0613', 'choices': [{'index': 0, 'message': {'role': 'assistant', 'content': '""This histopathological image depicts elastosis, showcasing the accumulation of abnormal, degraded elastic fibers in the dermal layer of the skin, often associated with excessive sun exposure or aging.""'}, 'logprobs': None, 'finish_reason': 'stop'}, {'index': 1, 'message': {'role': 'assistant', 'content': '""This histopathological image illustrates the presence of elastosis, indicated by the excessive accumulation of abnormal elastic fibers in the dermis layer of the skin.""'}, 'logprobs': None, 'finish_reason': 'stop'}, {'index': 2, 'message': {'role': 'assistant', 'content': '""This histopathological image illustrates the significant abundance of elastin fibers in the dermis, indicative of elastosis, a common skin condition associated with aging or sun-damaged skin.""'}, 'logprobs': None, 'finish_reason': 'stop'}], 'usage': {'prompt_tokens': 37, 'completion_tokens': 102, 'total_tokens': 139}, 'system_fingerprint': None}"
5,skin,chondral tissue,"{'id': 'chatcmpl-9DtqbCZx2IkQQh0wDvwvlhTo5lGe7', 'object': 'chat.completion', 'created': 1713099969, 'model': 'gpt-4-0613', 'choices': [{'index': 0, 'message': {'role': 'assistant', 'content': '""This histopathological image vividly displays chondral tissue, revealing the structural complexities of cartilage, a crucial component in human joints, through the use of specialized staining techniques.""'}, 'logprobs': None, 'finish_reason': 'stop'}, {'index': 1, 'message': {'role': 'assistant', 'content': '""This histopathological image vividly depicts chondral tissue, showcasing its unique cellular structure and extracellular matrix, which are essential for its vital roles in supporting bodily movements and reducing friction within the joints.""'}, 'logprobs': None, 'finish_reason': 'stop'}, {'index': 2, 'message': {'role': 'assistant', 'content': '""This histopathological image showcases chondral tissue, typically found in joints, displaying the finer details of the cartilage cells (chondrocytes) within their lacunae, embedded in the extracellular matrix.""'}, 'logprobs': None, 'finish_reason': 'stop'}], 'usage': {'prompt_tokens': 39, 'completion_tokens': 122, 'total_tokens': 161}, 'system_fingerprint': None}"
6,skin,hair follicle,"{'id': 'chatcmpl-9DtqeQuqNU2EPO1VkqpwI2wHI1P3e', 'object': 'chat.completion', 'created': 1713099972, 'model': 'gpt-4-0613', 'choices': [{'index': 0, 'message': {'role': 'assistant', 'content': '""This microscopic view reveals the detailed structure of a hair follicle, showcasing its layers and surrounding tissues in a vivid display of histopathological imaging.""'}, 'logprobs': None, 'finish_reason': 'stop'}, {'index': 1, 'message': {'role': 'assistant', 'content': '""This histopathological image reveals the intricate structure of a hair follicle, displaying the layers from the innermost medulla to the outermost cuticle.""'}, 'logprobs': None, 'finish_reason': 'stop'}, {'index': 2, 'message': {'role': 'assistant', 'content': '""This histopathological image details the intricate cellular structure of a healthy hair follicle, providing insights into its functionality and potential abnormalities.""'}, 'logprobs': None, 'finish_reason': 'stop'}], 'usage': {'prompt_tokens': 38, 'completion_tokens': 86, 'total_tokens': 124}, 'system_fingerprint': None}"
7,skin,epidermis,"{'id': 'chatcmpl-9DtqgVsD6jXJyB3UPIZGuVTolBCM7', 'object': 'chat.completion', 'created': 1713099974, 'model': 'gpt-4-0613', 'choices': [{'index': 0, 'message': {'role': 'assistant', 'content': '""This histopathological image showcases an intricately detailed cross-section of the epidermis, revealing its various layers from the inner stratum basale to the outer stratum corneum, and highlighting its critical role in skin health and protection.""'}, 'logprobs': None, 'finish_reason': 'stop'}, {'index': 1, 'message': {'role': 'assistant', 'content': '""This histopathological image presents a detailed view of the epidermis, showcasing its multiple layers and structure, integral to our skin\'s protective barrier function.""'}, 'logprobs': None, 'finish_reason': 'stop'}, {'index': 2, 'message': {'role': 'assistant', 'content': '""This histopathological image highlights the detailed structure and layers of the epidermis, the outermost layer of skin, revealing its complex composition vital for protection and sensation.""'}, 'logprobs': None, 'finish_reason': 'stop'}], 'usage': {'prompt_tokens': 38, 'completion_tokens': 114, 'total_tokens': 152}, 'system_fingerprint': None}"
8,skin,nerves,"{'id': 'chatcmpl-9DtqiadRFQO9tdjk4VcunHTOyJeDJ', 'object': 'chat.completion', 'created': 1713099976, 'model': 'gpt-4-0613', 'choices': [{'index': 0, 'message': {'role': 'assistant', 'content': '""This histopathological image highlights the intricate arrangement of nervous tissue, revealing the complex structure and organization of individual nerves and their supporting cells.""'}, 'logprobs': None, 'finish_reason': 'stop'}, {'index': 1, 'message': {'role': 'assistant', 'content': '""This detailed histopathological image provides a visual representation of nerve tissue, highlighting the intricate structures and complex interactions that help facilitate communication within the body.""'}, 'logprobs': None, 'finish_reason': 'stop'}, {'index': 2, 'message': {'role': 'assistant', 'content': '""This histopathological image vividly displays a cross-section of nerve tissues, highlighting their complex structures and intricate interactions.""'}, 'logprobs': None, 'finish_reason': 'stop'}], 'usage': {'prompt_tokens': 36, 'completion_tokens': 79, 'total_tokens': 115}, 'system_fingerprint': None}"
9,skin,subcutis,"{'id': 'chatcmpl-9DtqjiEoUc0ZENzH0xZSASpES98b9', 'object': 'chat.completion', 'created': 1713099977, 'model': 'gpt-4-0613', 'choices': [{'index': 0, 'message': {'role': 'assistant', 'content': '""This histopathological image reveals the intricate cellular structure and composition of the subcutis, the deepest layer of skin, that plays significant roles in fat storage and insulation.""'}, 'logprobs': None, 'finish_reason': 'stop'}, {'index': 1, 'message': {'role': 'assistant', 'content': '""This histopathological image highlights the subcutis layer of the skin, showcasing its deeply embedded fat cells and connective tissue along with its vital role in insulation and energy storage.""'}, 'logprobs': None, 'finish_reason': 'stop'}, {'index': 2, 'message': {'role': 'assistant', 'content': '""This detailed histopathological image showcases the subcutis layer of the skin, revealing the spread and interaction of fat cells, connective tissue, and blood vessels, key components that play a vital role in insulating the body, storing fat, and regulating temperature.""'}, 'logprobs': None, 'finish_reason': 'stop'}], 'usage': {'prompt_tokens': 38, 'completion_tokens': 123, 'total_tokens': 161}, 'system_fingerprint': None}"
10,skin,dermis,"{'id': 'chatcmpl-9DtqnAkQQCLTVuuBgPMAIq7N65Tiq', 'object': 'chat.completion', 'created': 1713099981, 'model': 'gpt-4-0613', 'choices': [{'index': 0, 'message': {'role': 'assistant', 'content': '""This histopathological image vividly shows the intricate microarchitecture of the dermis, the skin\'s second layer populated with sweat glands, hair follicles, collagen, and elastin fibers, providing a closer look at the underlying structure of the skin.""'}, 'logprobs': None, 'finish_reason': 'stop'}, {'index': 1, 'message': {'role': 'assistant', 'content': '""This image represents a detailed histopathological view of the dermis, featuring its intricate layers of collagen and elastin fibers interwoven with blood vessels, sweat glands, hair follicles, and nerve endings.""'}, 'logprobs': None, 'finish_reason': 'stop'}, {'index': 2, 'message': {'role': 'assistant', 'content': '""This histopathological image presents a detailed view of the dermis layer of the skin, showcasing its complex structure and various cells, indicative of its essential role in providing protection and sensory function.""'}, 'logprobs': None, 'finish_reason': 'stop'}], 'usage': {'prompt_tokens': 37, 'completion_tokens': 130, 'total_tokens': 167}, 'system_fingerprint': None}"
11,skin,sebaceous glands,"{'id': 'chatcmpl-9Dtqpid4B3QjyDWvYPpdDYdBKFMwE', 'object': 'chat.completion', 'created': 1713099983, 'model': 'gpt-4-0613', 'choices': [{'index': 0, 'message': {'role': 'assistant', 'content': '""This histopathological image vividly showcases sebaceous glands, seen as clusters of cells with microscopically identified lipid-filled vacuoles, often located adjacent to hair follicles, playing a critical role in skin health by producing and excreting sebum.""'}, 'logprobs': None, 'finish_reason': 'stop'}, {'index': 1, 'message': {'role': 'assistant', 'content': '""This histopathological image reveals the intricate structure of sebaceous glands, featuring clusters of cells responsible for the production and secretion of sebum in the skin.""'}, 'logprobs': None, 'finish_reason': 'stop'}, {'index': 2, 'message': {'role': 'assistant', 'content': '""This histopathological image highlights the intricate architecture of sebaceous glands, showcasing their lobular configuration and array of specialized cells responsible for creating, storing, and secreting sebum.""'}, 'logprobs': None, 'finish_reason': 'stop'}], 'usage': {'prompt_tokens': 39, 'completion_tokens': 123, 'total_tokens': 162}, 'system_fingerprint': None}"
12,skin,squamous-cell carcinoma,"{'id': 'chatcmpl-9DtqsXea8u8DHUXEmeFdieLzsaIEc', 'object': 'chat.completion', 'created': 1713099986, 'model': 'gpt-4-0613', 'choices': [{'index': 0, 'message': {'role': 'assistant', 'content': '""This histopathological image vividly demonstrates the chaotic cell structure and irregular morphology characteristic of squamous-cell carcinoma.""'}, 'logprobs': None, 'finish_reason': 'stop'}, {'index': 1, 'message': {'role': 'assistant', 'content': '""This histopathological image vividly represents squamous-cell carcinoma, highlighting the abnormal proliferation of squamous cells, which form the cancer\'s characteristic scaly appearance and texture.""'}, 'logprobs': None, 'finish_reason': 'stop'}, {'index': 2, 'message': {'role': 'assistant', 'content': '""This histopathological image highlights the irregularly shaped cells and disorganized patterns typical of squamous cell carcinoma, a common type of skin cancer.""'}, 'logprobs': None, 'finish_reason': 'stop'}], 'usage': {'prompt_tokens': 39, 'completion_tokens': 85, 'total_tokens': 124}, 'system_fingerprint': None}"
13,skin,melanoma in-situ,"{'id': 'chatcmpl-9Dtquo6EY4uX2SMjse2q8fvLf04yU', 'object': 'chat.completion', 'created': 1713099988, 'model': 'gpt-4-0613', 'choices': [{'index': 0, 'message': {'role': 'assistant', 'content': '""This microscopic view details the distinctive irregular growth pattern of melanoma in-situ, demonstrating uncontrolled proliferation of melanocytes in the epidermal layer of the skin.""'}, 'logprobs': None, 'finish_reason': 'stop'}, {'index': 1, 'message': {'role': 'assistant', 'content': '""This histopathological image vividly presents melanoma in-situ, characterized by the abnormal growth and division of melanocytes, the pigment-producing cells in the skin, indicative of the earliest stage of skin cancer.""'}, 'logprobs': None, 'finish_reason': 'stop'}, {'index': 2, 'message': {'role': 'assistant', 'content': '""This histopathological image illustrates melanoma in-situ, characterized by abnormal melanocytes in the epidermis, reflecting an early stage of skin cancer before it has begun to spread.""'}, 'logprobs': None, 'finish_reason': 'stop'}], 'usage': {'prompt_tokens': 40, 'completion_tokens': 112, 'total_tokens': 152}, 'system_fingerprint': None}"
14,skin,basal-cell carcinoma,"{'id': 'chatcmpl-9DtqwcHE4moH6f02KfQVM3GuGGBDt', 'object': 'chat.completion', 'created': 1713099990, 'model': 'gpt-4-0613', 'choices': [{'index': 0, 'message': {'role': 'assistant', 'content': '""This histopathological image illustrates the classic features of basal-cell carcinoma, with visibly proliferated basaloid cells, peripheral palisading, and signs of potential destruction of associated connective tissues.""'}, 'logprobs': None, 'finish_reason': 'stop'}, {'index': 1, 'message': {'role': 'assistant', 'content': '""This histopathological image highlights the characteristic appearance of basal-cell carcinoma, revealing clusters of atypical basaloid cells with a peripheral palisading pattern, indicative of a common form of skin cancer.""'}, 'logprobs': None, 'finish_reason': 'stop'}, {'index': 2, 'message': {'role': 'assistant', 'content': '""This histopathological image provides a detailed view of basal-cell carcinoma, highlighting its characteristic features such as palisading nuclei and retraction artifact, which are indicative of this common form of skin cancer.""'}, 'logprobs': None, 'finish_reason': 'stop'}], 'usage': {'prompt_tokens': 38, 'completion_tokens': 117, 'total_tokens': 155}, 'system_fingerprint': None}"
15,skin,naevus,"{'id': 'chatcmpl-9Dtr4VrY4vhq5vJ5PScuuzXA7l6ck', 'object': 'chat.completion', 'created': 1713099998, 'model': 'gpt-4-0613', 'choices': [{'index': 0, 'message': {'role': 'assistant', 'content': '""This histopathological image illustrates a naevus, revealing clusters of melanocytes or nevus cells typically found in the skin, exemplifying common characteristics such as size, shape and patterns.""'}, 'logprobs': None, 'finish_reason': 'stop'}, {'index': 1, 'message': {'role': 'assistant', 'content': '""This histopathological image vividly displays a naevus, a benign skin lesion formed by an overgrowth of melanocyte cells, often displayed as a mole or birthmark on the skin.""'}, 'logprobs': None, 'finish_reason': 'stop'}, {'index': 2, 'message': {'role': 'assistant', 'content': '""This histopathological image highlights the characteristic presence of a naevus, revealing an easily identifiable cluster of melanocytes, or pigmented skin cells, which forms a common benign skin lesion.""\n'}, 'logprobs': None, 'finish_reason': 'stop'}], 'usage': {'prompt_tokens': 38, 'completion_tokens': 116, 'total_tokens': 154}, 'system_fingerprint': None}"
